PlayerID,Gender,GenderC,Age,Timestamp
test,F,,43,1568950419403
A1JVWOBGNA6KJT,M,,53,1568951116234
A2WWYVKGZZXBOB,M,,37,1568951118834
A3RJGJRAD39FD9,F,,26,1568951125278
A1PAY3X73PQ16S,F,,52,1568951139411
A2OFRJHPNIMPI7,F,,34,1568951141904
A2WY6HLF2YLSOF,M,,26,1568951091633
AUFUUD4WG9CVO,M,,28,1568951209765
AJACXA5FC5BYZ,F,,43,1568951157815
A82Q1HS5CPZ5I,M,,29,1568951168953
A1D9ZWU1M46SAF,M,,36,1568951185661
A4T50ODN6SGNR,M,,38,1568951210152
A3AA5G6HENO6VJ,M,09804788658,40,1568951217600
A2ADEPVGNNXNPA,F,,33,1568951267415
AIK9W79I4TPJW,F,,49,1568951269637
A1DKVUTOBPQH11,M,,35,1568951307890
A3BUWQ5C39GRQC,F,,38,1568951345920
A3ABJN1IL7UCZ8,M,,23,1568951375629
A2XQ3CFB5HT2ZQ,F,,56,1568951384760
A1Z8AOIDT5IV43,M,,30,1568951450432
A17K1CHOI773VZ,M,,30,1568951487216
AK47FLPTKZR5G,M,,29,1568951487576
A2VLTSW6CXIUMR,M,,43,1568951488963
A270JQUOEF9BUD,M,,27,1568951508628
A2SKH7WZUEDGGI,M,,39,1568951529404
A34D5D6PU193AR,M,,35,1568951524530
A2FL477TMKC91L,F,,46,1568951533855
ACI1OFQTEMUV0,F,,31,1568951572407
A1ICWR931J4062,F,,27,1568951576649
AFUUPNBIKHRFZ,F,,25,1568951587381

A3DKFBFK3FA3MA,M,,25,1568951614451
AWJUGWPCUGKEG,M,,24,1568951651781
A3KIERAEUTADSO,M,,30,1568951711230
A3J85WP15JFYW0,M,,25,1568951733300
A17K1CHOI773VZ,M,,30,1568951861531
A17K1CHOI773VZ,M,,30,1568951909429
AOHTK6L54UWWF,M,,30,1568951964726
A1GFGZJPLCHHFH,M,,28,1568952017221
A11EL5LWS2L1HX,M,,20,1568952020378
A2GXKPQB64DZC1,F,,25,1568952037940
A31Z13BGZDNRN9,F,,30,1568952090817
A1GKD3NG1NNHRP,F,,59,1568952182774
A17TKHT8FEVH0R,M,,25,1568952305182
A2DPMOS2N05OT7,M,,35,1568952390651
A1GFGZJPLCHHFH,M,,28,1568952517426
A37EV8RZ82WT8E,M,,30,1568952592839
